[{"Name":"Camila Cabello - Havana ft. Young Thug (TULE Remix)","Channel":"Trap Nation","Descrition":"🔥 Camila Cabello - Havana ft. Young Thug (TULE Remix)\nhttps://soundcloud.com/tuleremixes/havana-tule-remix\n👑 Trap Nation's limited apparel: https://nations.io\n\nSpotify Playlists\n➤ 💪Workout: http://spoti.fi/2sz8G7R\n➤ 🍦Chilltrap: http://spoti.fi/2qjSxy6\n➤ 🔥Trap Nation: http://spoti.fi/237iVZi\n\n🎵 Camila Cabello\n✗ https://www.instagram.com/camila_cabello/\n✗ https://twitter.com/camila_cabello\n✗ https://www.facebook.com/97camilacabello/\n\n🎵 TULE\n✗ https://soundcloud.com/tuleofficial\n✗ https://www.facebook.com/TULE.official\n\n🔊 Trap Nation\n✗ http://nations.io\n✗ https://www.reddit.com/r/TrapNation\n✗ http://twitter.com/alltrapnation\n✗ http://instagram.com/trapnation\n✗ http://facebook.com/alltrapnation\n✗ http://soundcloud.com/alltrapnation\n✗ https://snapchat.com/add/trapnation\n✗ https://open.spotify.com/user/alltrapnation\n✗ https://discord.gg/nations\n\n💰 Royalty Free Music\n✗ http://bit.ly/TNCopyrightFree\n\n🚫 The music and the background in the following video are not free to use, if you'd like to use the music in this video, please contact the artist.\n\n⚠️ These videos may cause people with photosensitive epilepsy to convulse in seizures. Viewer discretion is advised.","Tematic":null,"KeyWords":[],"Duration":"00:03:51.3171780","Size":44.305212020874023,"PublishData":"2017-10-08T14:26:42Z","Url":"https://youtu.be/Vyzi-7N58ww","Path":"D:\\Videos\\Camila Cabello - Havana ft. Young Thug (TULE Remix).mp4","Comment":null,"Images":[]},{"Name":"Justin Caruso - Caving ft. James Droll (King Kavalier Remix)","Channel":"Trap Nation","Descrition":"🔥 Justin Caruso - Caving ft. James Droll (King Kavalier Remix)\n👑 Trap Nation's limited apparel: https://nations.io\n\nSpotify Playlists\n➤ 💪Workout: http://spoti.fi/2sz8G7R\n➤ 🍦Chilltrap: http://spoti.fi/2qjSxy6\n➤ 🔥Trap Nation: http://spoti.fi/237iVZi\n\n🎵 Justin Caruso\n✗ https://soundcloud.com/justin-caruso-music\n✗ https://twitter.com/Justin_Caruso\n✗ https://www.instagram.com/justincarusomusic/\n✗ https://www.facebook.com/JustinCarusoMusic\n\n🎵 King Kavalier\n✗ https://soundcloud.com/kingkavalier\n✗ https://www.instagram.com/kingkavalierofficial\n✗ https://www.facebook.com/kingkavalier\n✗ https://twitter.com/kingkavalier\n\n🔊 Trap Nation\n✗ http://nations.io\n✗ https://www.reddit.com/r/TrapNation\n✗ http://twitter.com/alltrapnation\n✗ http://instagram.com/trapnation\n✗ http://facebook.com/alltrapnation\n✗ http://soundcloud.com/alltrapnation\n✗ https://snapchat.com/add/trapnation\n✗ https://open.spotify.com/user/alltrapnation\n✗ https://discord.gg/nations\n\n🚫 The music and the background in the following video are not free to use, if you'd like to use the music in this video, please contact the artist.\n\n⚠️ These videos may cause people with photosensitive epilepsy to convulse in seizures. Viewer discretion is advised.","Tematic":null,"KeyWords":[],"Duration":"00:03:12.9346000","Size":50.507011413574219,"PublishData":"2017-12-10T16:39:24Z","Url":"https://youtu.be/HIfriX8NGzY","Path":"D:\\Videos\\Justin Caruso - Caving ft. James Droll (King Kavalier Remix).mp4","Comment":null,"Images":[]},{"Name":"R3HAB _ Krewella - Ain't That Why","Channel":"WizKhalifaWAM","Descrition":"R3hab x Krewella - Ain't That Why\r\nR3hab x Krewella - Ain't That Why\r\nR3hab x Krewella - Ain't That Why\n\r\n\r- video upload powered by https://www.TunesToTube.com","Tematic":null,"KeyWords":[],"Duration":"00:02:39.0334670","Size":24.746506690979004,"PublishData":"2017-12-07T11:42:35Z","Url":"https://youtu.be/9dnTNwtAKOc","Path":"D:\\Videos\\R3HAB _ Krewella - Ain't That Why.mp4","Comment":null,"Images":[]},{"Name":"SLUMBERJACK _ QUIX - Vision ft. josh pan","Channel":"Trap Nation","Descrition":"🔥 SLUMBERJACK & QUIX - Vision ft. josh pan\n↪︎https://bit.ly/SLUMBERJACKVision\n👑 Trap Nation's limited apparel: https://nations.io\n\nSpotify Playlists\n➤ 💪Workout: http://spoti.fi/2sz8G7R\n➤ 🍦Chilltrap: http://spoti.fi/2qjSxy6\n➤ 🔥Trap Nation: http://spoti.fi/237iVZi\n\n🎵 SLUMBERJACK\n✗ https://soundcloud.com/slumberjack\n✗ https://www.instagram.com/slumberjackmusic\n✗ https://www.facebook.com/slumberjack\n✗ https://twitter.com/slumberjack\n\n🎵 QUIX\n✗ https://soundcloud.com/quixofficial\n✗ https://www.facebook.com/OfficialQUIX\n✗ https://twitter.com/QUIXofficial\n✗ https://www.instagram.com/quixofficial/\n\n🔊 Trap Nation\n✗ http://nations.io\n✗ https://www.reddit.com/r/TrapNation\n✗ http://twitter.com/alltrapnation\n✗ http://instagram.com/trapnation\n✗ http://facebook.com/alltrapnation\n✗ http://soundcloud.com/alltrapnation\n✗ https://snapchat.com/add/trapnation\n✗ https://open.spotify.com/user/alltrapnation\n✗ https://discord.gg/nations\n\n🚫 The music and the background in the following video are not free to use, if you'd like to use the music in this video, please contact the artist.\n\n⚠️ These videos may cause people with photosensitive epilepsy to convulse in seizures. Viewer discretion is advised.","Tematic":null,"KeyWords":[],"Duration":"00:04:03.8559560","Size":46.827922821044922,"PublishData":"2017-12-04T19:25:07Z","Url":"https://youtu.be/G3XVx8pS8zo","Path":"D:\\Videos\\SLUMBERJACK _ QUIX - Vision ft. josh pan.mp4","Comment":null,"Images":[]},{"Name":"Twenty One Pilots - Stressed Out (Tomsize Remix)","Channel":"Trap Nation","Descrition":"twenty one pilots - Stressed Out (Tomsize Remix) \n👑 Trap Nation's limited apparel: https://nations.io\n➥http://www.smarturl.it/blurryface\nFollow our IG: http://instagram.com/trapnation\n\n🎶 More from Tomsize 🎶\n●\"Mystic\" - https://www.youtube.com/watch?v=SPizSHLWMEY\n●\"Loving You\" - https://www.youtube.com/watch?v=bX4ti_0i2Dw\n●\"Jump (E.Y. Beats Remix)\" - https://www.youtube.com/watch?v=Vdt2Jbm8XI8\n\n🎶 More from Twenty One Pilots 🎶\n●\"Ride\" - https://www.youtube.com/watch?v=PMUt0lShZfs\n●\"Heathens (DISTRO Remix)\" - https://www.youtube.com/watch?v=I8mS8Pfgros\n●\"Heathens (BOXINLION Remix)\" - https://www.youtube.com/watch?v=M2hW6jgomwo\n\n♫ Support Trap Nation ♫\n♦http://soundcloud.com/alltrapnation\n♦http://twitter.com/alltrapnation\n♦http://facebook.com/alltrapnation\n♦http://instagram.com/trapnation\n♦https://vine.co/u/934469325727879168\n♦http://alltrapnation.com\n♦musical.ly: trapnation\n♦snapchat: trapnation\n♦https://open.spotify.com/user/alltrap...\n\n\n\n♫ Support The Producer ♫\n●https://soundcloud.com/tomsize\n●https://facebook.com/tomsize\n●https://youtube.com/TomsizeOfficial\n●https://twitter.com/tomsize_\n\n♫ Support Twenty One Pilots ♫\n●https://youtube.com/twentyonepilots\n●https://twitter.com/twentyonepilots\n●https://facebook.com/twentyonepilots\n\nThe music and the background in the following video is not free to use, if you'd like to use the music in this video please contact the artist.\n\nIf you need a song removed on my channel, please e-mail me.\n\nWARNING: These videos may cause people with photosensitive epilepsy to convulse in seizures. Viewer discretion is advised.","Tematic":null,"KeyWords":[],"Duration":"00:03:44.4208560","Size":62.903889656066895,"PublishData":"2016-02-22T13:00:00Z","Url":"https://youtu.be/0t2tjNqGyJI","Path":"D:\\Videos\\Twenty One Pilots - Stressed Out (Tomsize Remix).mp4","Comment":null,"Images":[]}]